Name,Code,Date,Query,Card Count
Duskmourn: House of Horror,DSK,2024-09-27
Bloomburrow,BLB,2024-08-02
Outlaws of Thunder Junction,OTJ,2024-04-19
Murders at Karlov Manor,MKM,2024-02-09
The Lost Caverns of Ixalan,LCI,2023-11-17
Wilds of Eldraine,WOE,2023-09-08
March of the Machine,MOM,2023-04-21
Phyrexia: All Will Be One,ONE,2023-02-03
The Brothers' War,BRO,2022-11-18
Dominaria United,DMU,2022-09-09
Streets of New Capenna,SNC,2022-04-29
Kamigawa: Neon Dynasty,NEO,2022-02-18
Innistrad: Crimson Vow,VOW,2021-11-19
Innistrad: Midnight Hunt,MID,2021-09-24
Adventures in the Forgotten Realms,AFR,2021-07-23
Strixhaven: School of Mages,STX,2021-04-23
Kaldheim,KHM,2021-02-05
Zendikar Rising,ZNR,2020-09-25
Core Set 2021,M21,2020-07-03
Ikoria: Lair of Behemoths,IKO,2020-04-24
Theros Beyond Death,THB,2020-01-24
Throne of Eldraine,ELD,2019-10-04
Core Set 2020,M20,2019-07-12
War of the Spark,WAR,2019-05-03
Ravnica Allegiance,RNA,2019-01-25
Guilds of Ravnica,GRN,2018-10-05
Core Set 2019,M19,2018-07-13
Dominaria,DOM,2018-04-27
Rivals of Ixalan,RIX,2018-01-19
Ixalan,XLN,2017-09-29
Hour of Devastation,HOU,2017-07-14
Amonkhet,AKH,2017-04-28
Aether Revolt,AER,2017-01-20
Kaladesh,KLD,2016-09-30
Shadows over Innistrad,SOI,2016-04-08
Oath of the Gatewatch,OGW,2016-01-22,-number:/a/
Battle for Zendikar,BFZ,2015-10-02,-number:/a/
Dragons of Tarkir,DTK,2015-03-27
Fate Reforged,FRF,2015-01-23
Khans of Tarkir,KTK,2014-09-26
Magic 2015,M15,2014-07-18
Journey into Nyx,JOU,2014-05-02
Born of the Gods,BNG,2014-02-07
Theros,THS,2013-09-27
Magic 2014,M14,2013-07-19
Dragon's Maze,DGM,2013-05-03
Gatecrash,GTC,2013-02-01
Return to Ravnica,RTR,2012-10-05
Magic 2013,M13,2012-07-13
Avacyn Restored,AVR,2012-05-04
Dark Ascension,DKA,2012-02-03
Innistrad,ISD,2011-09-30
Magic 2012,M12,2011-07-15
New Phyrexia,NPH,2011-05-13
Mirrodin Besieged,MBS,2011-02-04
Scars of Mirrodin,SOM,2010-10-01
Magic 2011,M11,2010-07-16
Rise of the Eldrazi,ROE,2010-04-23
Worldwake,WWK,2010-02-05
Zendikar,ZEN,2009-10-02,-number:/a/
Magic 2010,M10,2009-07-17
Alara Reborn,ARB,2009-04-30
Conflux,CON,2009-02-06
Shards of Alara,ALA,2008-10-03
Eventide,EVE,2008-07-25
Shadowmoor,SHM,2008-05-02
Morningtide,MOR,2008-02-01
Lorwyn,LRW,2007-10-12
Tenth Edition,10E,2007-07-13
Future Sight,FUT,2007-05-04
Planar Chaos,PLC,2007-02-02
Time Spiral,TSP,2006-10-06
Coldsnap,CSP,2006-07-21
Dissension,DIS,2006-05-05
Guildpact,GPT,2006-02-03
Ravnica: City of Guilds,RAV,2005-10-07
Ninth Edition,9ED,2005-07-29
Saviors of Kamigawa,SOK,2005-06-03
Betrayers of Kamigawa,BOK,2005-02-04
Champions of Kamigawa,CHK,2004-10-01,,307
Fifth Dawn,5DN,2004-06-04
Darksteel,DST,2004-02-06
Mirrodin,MRD,2003-10-02
Eighth Edition,8ED,2003-07-28
Scourge,SCG,2003-05-26
Legions,LGN,2003-02-03
Onslaught,ONS,2002-10-07
Judgment,JUD,2002-05-27
Torment,TOR,2002-02-04
Odyssey,ODY,2001-10-01
Apocalypse,APC,2001-06-04
Seventh Edition,7ED,2001-04-11
Planeshift,PLS,2001-02-05,-is:foilonly
Invasion,INV,2000-10-02
